7.066462332662768559e-04,4.208967959749359977e+01,9.941166131539865836e-01,3.578838557379624035e+03,4.476638190409144014e-01,3.078379792879023853e+02,1.427326454992098297e+04,8.762187787114253723e+00,1.129776641204538379e+01,7.039802528061905786e-04,2.951470511014333997e+00,-5.467949847998743174e-01,9.998873510373993412e-01
1.002214275671406678e-03,1.909969794411544797e+01,9.972186402884519740e-01,3.434080363564424260e+03,4.723869064701941567e-01,2.490281785784982276e+02,1.371722175631357095e+04,8.721191576372739007e+00,1.115893467231887826e+01,7.677664541662850050e-04,2.772516502439022368e+00,-5.595409406531199892e-01,9.999050297904655826e-01
5.021071978897155390e-03,5.307951576358410861e+00,9.992755922489241494e-01,3.664981308642111799e+03,6.416961278437862681e-01,2.529321766459991636e+02,1.465461728299210517e+04,8.261812121651846752e+00,9.704439296608541099e+00,1.460534257194687734e-03,2.073762831111349847e+00,-6.791912722348916187e-01,9.999742165321410248e-01
1.242153874840689065e-01,1.890078265681370695e+01,9.985972228141245521e-01,6.737181077558161633e+03,7.507886384747808339e-01,1.965424873094880240e+02,2.692982352757583431e+04,6.228940056022064908e+00,7.358825103231310116e+00,1.719731993572547104e-03,1.767377255819379211e+00,-6.841208342251590135e-01,9.997523703471397072e-01
1.355179337024237053e-03,8.570762832046273871e+00,9.978699994341102553e-01,2.012556759440114547e+03,5.532382375375555217e-01,2.029546305375105817e+02,8.041656274928405765e+03,8.324006614841493956e+00,1.023205829675035261e+01,1.315351755443401605e-03,2.265673592492402300e+00,-6.065493573026109475e-01,9.999255433190261666e-01
1.242220755766902662e-03,1.811563462424270909e+01,9.962940098531226640e-01,2.444572764337634908e+03,5.132831078790104362e-01,3.209230377842650341e+02,9.760175422726333636e+03,8.366221142993335746e+00,1.055333506210827466e+01,8.672149523690148628e-04,2.609258149693948425e+00,-5.713117856963145780e-01,9.998815015337797485e-01
2.271466926330936633e-03,5.023458504172970862e+01,9.893791732251824289e-01,2.366443828177884825e+03,4.860769607820734639e-01,2.523886543184105449e+02,9.415540727669798798e+03,7.890223373834496456e+00,1.023057883327773432e+01,7.880303849108310750e-04,2.836215304737653931e+00,-5.208283063499612453e-01,9.995864145405677359e-01
1.489639883504422779e-01,2.180346139623983959e+01,9.975699201760193091e-01,4.486197414490916344e+03,8.008481442314203669e-01,1.397325717922639114e+02,1.792298619656741721e+04,6.102782898229294872e+00,6.994634042138001995e+00,2.343531562360920677e-03,1.492246273371767629e+00,-7.321025197746390267e-01,9.998387672396256143e-01
6.155707539313448346e-04,6.875697853908654622e+01,9.903566466971529536e-01,3.566973681495751407e+03,4.170058023127440894e-01,2.591400363622411760e+02,1.419913774744392504e+04,8.711050509819241228e+00,1.139560111249872598e+01,7.014733260481444133e-04,3.064592063610852790e+00,-5.238573494359309857e-01,9.998260796220361790e-01
2.119212144869180546e-03,3.563901566156209810e+01,9.961820247355646085e-01,4.668169775789789128e+03,5.230189322583551625e-01,2.760174293865891286e+02,1.863704008749757850e+04,8.709088238439250063e+00,1.092843601015949417e+01,8.477657417576661388e-04,2.774993940062656428e+00,-5.952569577707456094e-01,9.999466037514698202e-01
5.970637460584041819e-04,6.719043638272391661e+01,9.911749502081139696e-01,3.807057903317029741e+03,4.323835584740085558e-01,2.517361389785049255e+02,1.516104117688537735e+04,8.812642922598428186e+00,1.144388728161878888e+01,6.980153314531709714e-04,3.013968327396265856e+00,-5.378003378832340031e-01,9.998781581693900744e-01
1.199236454240568562e-03,1.655479855476838580e+01,9.962767604977511571e-01,2.224079332981187690e+03,5.405379524419640092e-01,3.021363364839110659e+02,8.879762533369947050e+03,8.351333397249593560e+00,1.038476664168284458e+01,9.616663360647825743e-04,2.412630820339344506e+00,-5.910592657910183068e-01,9.999091113364801942e-01
2.141315795292455127e-03,2.956547632701808226e+01,9.922350715302213908e-01,1.904727084609726262e+03,6.846354968764818416e-01,2.434939116825885890e+02,7.589342862111874638e+03,8.304125913317914609e+00,9.503156264737356196e+00,1.456146409327178448e-03,1.699566620483846213e+00,-7.052992793583852116e-01,9.999828870403184577e-01
3.023036052085004057e-03,3.006078166948564956e+01,9.969638457072953486e-01,4.951529570517824141e+03,6.224400696838832125e-01,2.519819450644254744e+02,1.977605750040182829e+04,8.513485674561595218e+00,1.014667393841860843e+01,1.236056007651759134e-03,2.186571352407671753e+00,-6.600506955721430202e-01,9.999748453028725059e-01
2.679052663430689200e-03,4.620794155420044014e+00,9.995289658530317478e-01,4.905328953858348541e+03,6.490396628891617059e-01,2.954264201398395358e+02,1.961669502127798478e+04,8.561271805471875496e+00,9.996821109511369485e+00,1.298263052445874921e-03,1.939015962537200544e+00,-6.886414136132767982e-01,9.999848963087786258e-01
3.276415672781146735e-03,2.238000851644770695e+00,9.983687849885271026e-01,6.861850823430158925e+02,6.436640626770738782e-01,3.170566281268145303e+02,2.742502328520487936e+03,7.569114797960017071e+00,8.987563244059730394e+00,1.594891931345870191e-03,1.870378660225619605e+00,-6.382867606384370340e-01,9.998816682160043268e-01
1.135632968334936675e-03,1.688465570688093464e+01,9.960766011531615449e-01,2.151679106339314785e+03,4.686058444692102198e-01,3.187691462990902664e+02,8.589831769650405477e+03,8.327754500656029180e+00,1.080864191826810128e+01,8.000106723675792352e-04,2.903152024190854164e+00,-5.278728388241602509e-01,9.997617028976899523e-01
1.640138862177032211e-03,2.843438209908877212e+01,9.939534656581696659e-01,2.351748519548144031e+03,4.735363327397420496e-01,2.355246405869348223e+02,9.378559696093472667e+03,8.254502417016812643e+00,1.070577360615778595e+01,7.691559718157319359e-04,2.815918583253539609e+00,-5.314639151518449900e-01,9.997588781210786646e-01
4.382558241633985330e-03,1.151018532594894950e+01,9.978736352235617613e-01,2.707227733935000288e+03,7.653905222893951921e-01,2.927778585074131570e+02,1.081740075041405362e+04,8.087794480848344847e+00,8.874773534091641380e+00,1.783290781519989441e-03,1.369431947511119851e+00,-7.646226654722820815e-01,9.999911458840774481e-01
1.138928642808553987e-03,3.518048912110553061e+01,9.918010366853847737e-01,2.145907085348374494e+03,5.185905024029768828e-01,2.996158089608681507e+02,8.548447852272394812e+03,8.345587324546725583e+00,1.048640860416884202e+01,8.902900969367496045e-04,2.549619571474667001e+00,-5.770738930288085156e-01,9.998876220936312453e-01
1.111133851779687624e-03,7.326950287936577766e+00,9.986008967314863316e-01,2.618985619426513040e+03,4.856089856094251145e-01,3.295317522871243909e+02,1.046861552741807827e+04,8.371547552059567465e+00,1.061573845816235639e+01,8.602925020112511681e-04,2.558953309948855726e+00,-5.641669631800314555e-01,9.998702127307432796e-01
1.424915617473422776e-03,1.211665932113174726e+01,9.983405690935487353e-01,3.651113651111619220e+03,4.681334280869468567e-01,3.438582581445612050e+02,1.459233794512535314e+04,8.435919470462955871e+00,1.086539957227241437e+01,7.504908566000681458e-04,2.791223432154656958e+00,-5.440612102011714857e-01,9.998377945737100259e-01
1.418522966081857059e-03,3.273370999574776619e+01,9.890235627272834229e-01,1.492237010273063333e+03,4.947612225251122320e-01,2.406814792124863516e+02,5.936214331096505703e+03,8.156092229523254744e+00,1.035953948863871510e+01,8.413728225608492484e-04,2.590694251838299600e+00,-5.561024649627110961e-01,9.998101873845244292e-01
2.699177784758401578e-03,2.653739978274646205e+01,9.962650767122491757e-01,3.553185966115895098e+03,6.014536779145831513e-01,2.918047039915004461e+02,1.418620646468086852e+04,8.451723529160860338e+00,1.019354378364400660e+01,1.096058910818214268e-03,2.336873215141240578e+00,-6.474034838099702593e-01,9.999677310402391717e-01
9.171728488527383779e-04,1.088151588753697752e+01,9.978075248121519580e-01,2.482769842087635880e+03,4.741445747428212343e-01,2.953261808706060947e+02,9.920197852462988521e+03,8.491184924946871604e+00,1.087337050147740314e+01,8.316070845426773786e-04,2.730887722592318934e+00,-5.515943921893586843e-01,9.998575747623950072e-01
7.143730248098695279e-02,1.036365964749789725e+02,9.902104058058383007e-01,5.293625754543941184e+03,6.207327329382396064e-01,1.820150549323906262e+02,2.107086642170079722e+04,7.184209806632653184e+00,8.962794894950262048e+00,1.149800477833386441e-03,2.403253032715849891e+00,-6.091857631187149735e-01,9.997915008437052720e-01
5.283081034158041214e-03,1.190450297455764250e+01,9.978628944149426916e-01,2.785379155898572208e+03,7.387988831949827695e-01,3.734942522787434882e+02,1.112961212061972765e+04,8.104309005063182525e+00,9.071189119443578974e+00,1.643788162728589478e-03,1.578699936855085362e+00,-7.430044610918286052e-01,9.999882819122885014e-01
2.749403421898987624e-03,2.929168665659561555e+01,9.946769615567688794e-01,2.752321731716596332e+03,6.010872455527427327e-01,2.473580379869764840e+02,1.097999524020978788e+04,8.049581095273307341e+00,9.756193726466580785e+00,1.129044816995496267e-03,2.169250830712588840e+00,-6.241768277354511341e-01,9.999220964991524241e-01
1.085079791060914118e-03,1.088725722553525799e+01,9.970633202218488478e-01,1.854553366079336229e+03,4.969127050488211794e-01,2.570613707903468139e+02,7.407326207091799006e+03,8.354177416912456522e+00,1.060020000625256564e+01,9.888807524094183309e-04,2.654016669606957368e+00,-5.626222065575781084e-01,9.998630335521079271e-01
4.979553107854377270e-02,3.844290574579161301e+01,9.966227811449326346e-01,5.691909495440812861e+03,6.163198022564719825e-01,2.243755502568509428e+02,2.272919507601745499e+04,7.050732079760031468e+00,8.798676306576817652e+00,1.130407909971889013e-03,2.376286595671111890e+00,-6.017135642900495185e-01,9.997284344429410163e-01
1.396176458936723187e-02,5.849726051907440549e+00,9.989999566065820291e-01,2.925586105768411016e+03,6.279253283173676925e-01,2.394416984785466127e+02,1.169649469702173337e+04,7.624820672354952755e+00,9.227909207019880711e+00,1.497956694629655819e-03,2.190414727197964151e+00,-6.338627589110850113e-01,9.998969215337585315e-01
3.069512413531609498e-03,3.119223094213530167e+00,9.990603789982388516e-01,1.660168241688389571e+03,6.269033402662909094e-01,2.774679534635532150e+02,6.637553743659336760e+03,7.911117528407321409e+00,9.420809600442980880e+00,1.538504059131851542e-03,2.015508636690115374e+00,-6.473177455925117618e-01,9.999349584644539046e-01
1.108355793073976820e-03,9.176318704257070635e+00,9.987512155011089021e-01,3.674409486686693526e+03,5.603262133068088735e-01,2.722933687648657042e+02,1.468846162804250343e+04,8.700590649828473744e+00,1.067462418734549701e+01,1.003532267948246829e-03,2.409199441131071318e+00,-6.181690168359340598e-01,9.999608140407597601e-01
6.240923521704870927e-03,1.044868716829033772e+01,9.985633521921666311e-01,3.637075829383355540e+03,6.032980522460776873e-01,2.497198350406402199e+02,1.453785463036512556e+04,8.121282022805814904e+00,9.777773219468627985e+00,1.142253100945828928e-03,2.110270016678943428e+00,-6.427636621848774601e-01,9.999487490487586339e-01
2.543566420365122194e-03,1.907884575820826356e+01,9.948775372103381143e-01,1.863795393496374345e+03,6.633290542892557040e-01,2.440581913286684141e+02,7.436102728227288026e+03,8.285562787045908095e+00,9.683071251908584642e+00,1.330821963213970867e-03,1.909184805112253080e+00,-6.851686609571276954e-01,9.999772292268765961e-01
1.575079928819576869e-03,1.038042130459368728e+01,9.983476626383768204e-01,3.141470236397482040e+03,5.356927914315063877e-01,2.616450325409423385e+02,1.255550052428533309e+04,8.460819666536352202e+00,1.057181693110372223e+01,8.995554526756303947e-04,2.592596868881877015e+00,-5.909153775069473369e-01,9.999213910764934710e-01
1.172454985206776478e-03,4.120488464268294848e+01,9.938900078456713860e-01,3.374057374424371119e+03,4.301042561394691766e-01,2.756572994026213905e+02,1.345502461305477482e+04,8.545833670534529247e+00,1.094931560339165699e+01,6.772254913798243575e-04,3.268474048924476349e+00,-5.175439451439721728e-01,9.997229656491839478e-01
6.037491879846436024e-03,6.880354614079143616e+00,9.939439792316518973e-01,5.681293923946841460e+02,8.102333607568458218e-01,3.081426069563844976e+02,2.265637214964684972e+03,7.408482087481054634e+00,8.092991075026272796e+00,2.013983090914796097e-03,1.239019110682747282e+00,-7.651340912372062153e-01,9.999766369509501818e-01
2.095341674609263981e-03,2.036704106903215461e+01,9.933497573520376767e-01,1.531477808189022198e+03,6.712362426302507235e-01,2.435360479044395561e+02,6.105544191687054990e+03,8.229181708831108111e+00,9.511208884770116612e+00,1.412360947046967198e-03,1.742597521451862308e+00,-6.887882592795163683e-01,9.999751964231968770e-01
1.186871858904520356e-03,2.216276432687350706e+01,9.975572482838133137e-01,4.537315982087130578e+03,5.389131008861689498e-01,3.037070040073990640e+02,1.812710116402166022e+04,8.782257089317354826e+00,1.073006568446397502e+01,9.591769159613885033e-04,2.384595881848237120e+00,-6.252876451481695907e-01,9.999685185058824199e-01
1.372520630769924910e-03,1.293592617927206589e+01,9.959872929159330202e-01,1.612011584850100917e+03,5.171841528827018086e-01,2.745334203885952320e+02,6.435110413221118506e+03,8.225961067636337276e+00,1.039535338774131290e+01,8.941499663757782350e-04,2.515826634338916179e+00,-5.666165334144031007e-01,9.998520328035859217e-01
2.153484979922447307e-02,3.281734171963699964e+01,9.972806920812004039e-01,6.035061296433975258e+03,5.613890049073784194e-01,3.196517800563572678e+02,2.410742784401625249e+04,8.176067477756621571e+00,1.015085736248544812e+01,9.490754218591287549e-04,2.610349244716184458e+00,-6.164626731191500397e-01,9.999359223898622862e-01
1.496253783628683984e-03,2.096144825917038190e+01,9.943954805242654071e-01,1.871279296994893230e+03,5.984223939972297401e-01,2.619877590010885342e+02,7.464155739720408747e+03,8.306230778848634699e+00,1.000739324062499236e+01,1.159224736124516526e-03,2.130068626953531385e+00,-6.332137257287373533e-01,9.999480118330993372e-01
1.366757560225342590e-03,1.118233591533934579e+01,9.979920836013640439e-01,2.785236823792899486e+03,6.014577929136799561e-01,2.962770715358944926e+02,1.112976495925625932e+04,8.543531654012785026e+00,1.029149454284516096e+01,1.137911755703668176e-03,2.170950281606274235e+00,-6.391460957981268676e-01,9.999644672628344999e-01
2.103645823716683311e-03,9.165480090941276359e+00,9.979201737485676738e-01,2.204607277107993468e+03,5.750603672415799394e-01,2.931966715400433259e+02,8.809263628341064759e+03,8.219878830123620972e+00,1.009357090681702651e+01,1.165751943403326623e-03,2.346455375359508988e+00,-6.095267106313432270e-01,9.999207388954834963e-01
7.281768448941471333e-04,6.642054640912630248e+01,9.849599701504443416e-01,2.208498902632587942e+03,4.406008988623065781e-01,2.055651202756556017e+02,8.767575064121228934e+03,8.488605988262264646e+00,1.114193878557959572e+01,8.224484894878030840e-04,3.017841415253136539e+00,-5.153053117986055032e-01,9.997578273977116847e-01
3.824967208157331079e-03,3.055393705838463259e+00,9.990371209028887645e-01,1.586633378769013234e+03,7.179022101620006202e-01,2.362050580789666867e+02,6.343478121370204462e+03,7.870435857234353350e+00,8.937354154472725298e+00,1.569963616117136650e-03,1.587693796107025213e+00,-7.100267155351744908e-01,9.999714583898595688e-01
3.370316327928478146e-03,2.635970131890034374e+00,9.990494646723966365e-01,1.386697095046657523e+03,7.059087856172835407e-01,2.768849226559839849e+02,5.544152410054717620e+03,7.859440845948273413e+00,8.934777710015895380e+00,1.559391602466802173e-03,1.572436085147627338e+00,-7.040022189887971127e-01,9.999673772748962630e-01
4.556201448759161082e-03,2.763034664991043599e+01,9.866465011073014546e-01,1.036319618130525669e+03,6.040388467242713277e-01,2.737230826481294912e+02,4.117648125872165110e+03,7.539577579811837182e+00,9.306644301776078265e+00,1.506758244754985345e-03,2.350870453529052995e+00,-5.911158203790426446e-01,9.997712084121606058e-01
1.557723004621734426e-03,4.572398773049545895e+00,9.987934949718761946e-01,1.895067416087132187e+03,5.779327577529794757e-01,3.060831301634620445e+02,7.575697265575483470e+03,8.381178071823331521e+00,1.008595334781298902e+01,1.099724475756566795e-03,2.105949745178680388e+00,-6.366148823094042175e-01,9.999564577080891636e-01
1.905017173435569894e-03,4.679333878457994444e+01,9.926055770084778462e-01,3.166059656093547346e+03,4.389780230608335554e-01,3.183804024451682153e+02,1.261744528558961974e+04,8.192760338554418098e+00,1.090829698547213056e+01,6.586955491110233016e-04,3.143606132234165962e+00,-4.912275126551514104e-01,9.995384944494902779e-01
3.174051544431445455e-03,8.413305445158441032e+00,9.963077128459130183e-01,1.139344686243806791e+03,6.248436014295197793e-01,2.740278378428746464e+02,4.548965439530064032e+03,7.880268183149864214e+00,9.480879780116755029e+00,1.226733726559766594e-03,2.176389016769903151e+00,-6.368803711830250958e-01,9.999225686692911896e-01
1.043520848851886389e-03,3.142828990894750163e+01,9.904141438539076914e-01,1.639993994130073588e+03,4.201741030826900425e-01,3.268770147340703716e+02,6.528547686611327663e+03,8.228207853321691800e+00,1.100954323043271188e+01,6.554415598940502730e-04,3.212412147292145637e+00,-4.798163263555107472e-01,9.994674730871785373e-01
6.527019606240112848e-02,3.719334314916451945e+01,9.978851464230968915e-01,8.794763759678331553e+03,6.033101689959782243e-01,2.737176841104699747e+02,3.514186169556414825e+04,7.113337807613381969e+00,8.911329854396260686e+00,1.104211844790010640e-03,2.416147670195146979e+00,-6.047622946602603244e-01,9.997674281295017007e-01
1.216221256060197103e-03,5.573135247081957289e+00,9.990310759879973412e-01,2.876282933379637143e+03,5.475322071159109960e-01,3.044669144182474838e+02,1.149955859827145832e+04,8.508628148672789493e+00,1.046177846296597735e+01,1.057769167323267508e-03,2.335518682805403756e+00,-6.100215933892795261e-01,9.999433211757420281e-01
2.291177549851302654e-03,3.230333519797058983e+01,9.948123848528422908e-01,3.114260866637524487e+03,7.254174194993449065e-01,2.863497240706405478e+02,1.242474013135212590e+04,8.553527857006368862e+00,9.574635337285503311e+00,1.606252133769721065e-03,1.579814123165156570e+00,-7.415165733484837540e-01,9.999932732051890483e-01
2.815357895770120161e-02,2.781499431526346555e+01,9.974213244807221823e-01,5.394216331470563091e+03,7.489140010393378066e-01,2.530098111999110415e+02,2.154905033156699938e+04,7.375761649981663837e+00,8.422065708584780097e+00,1.719050763599462486e-03,1.653837318005777268e+00,-7.274766778875664253e-01,9.999646317552698394e-01
2.223230051459148659e-03,2.703625874282422181e+00,9.989850816517221732e-01,1.332206372423839639e+03,6.029003423036597420e-01,3.349466320591866975e+02,5.326121863821099396e+03,7.952627444838702431e+00,9.548423634330104548e+00,1.327812105814144168e-03,2.005819530684521901e+00,-6.311406405965628297e-01,9.999191074352709041e-01
2.338183192167135691e-03,4.259215511907113338e+00,9.983829659798275635e-01,1.317382775544419928e+03,6.110571021612608567e-01,3.707988404282186821e+02,5.265271886665766942e+03,7.970315618457586737e+00,9.558958900268294201e+00,1.166181468728485354e-03,2.093090245242539726e+00,-6.349454299744123897e-01,9.999259841368293156e-01
1.305626875583793672e-03,6.878076572288696511e+00,9.982762125981550216e-01,1.995209451990064736e+03,5.259317865053249053e-01,2.713475803384988012e+02,7.973959731387963984e+03,8.324708345376635066e+00,1.037732949669022986e+01,9.248241006395224121e-04,2.407861868498013536e+00,-5.879683360336095399e-01,9.999045496933965937e-01
8.549109490194569880e-03,3.604046254575403196e+01,9.920209889876291376e-01,2.259558559885983414e+03,4.283471398540554809e-01,1.357955159404032486e+02,9.002193776998188696e+03,8.058309320002924991e+00,1.091988154068146244e+01,6.005871431244344787e-04,3.315850840700081292e+00,-4.723775124777174206e-01,9.993475411606492775e-01
4.039256879222840983e-03,4.721681958376318988e+01,9.921914027111345957e-01,3.024435594864362429e+03,4.414683342810467037e-01,2.054053742971707379e+02,1.205052555987367668e+04,8.315016423123120504e+00,1.068143615065149810e+01,7.384589240862292998e-04,3.256191508578466731e+00,-5.135298720088870006e-01,9.996357706672727161e-01
2.248801332447686926e-03,1.914306524121768760e+01,9.980033177921693310e-01,4.793796116117326164e+03,6.821394465591450462e-01,2.939954544210347649e+02,1.915604139922806280e+04,8.646495534092995427e+00,9.918868516983337713e+00,1.418719833979223280e-03,1.822896949962821811e+00,-7.129150150980738676e-01,9.999909516572442758e-01
1.952566614383563319e-03,1.637632460429002990e+01,9.982343172146773691e-01,4.638212186765350452e+03,5.950811006816221216e-01,2.900877865124977006e+02,1.853647242245710368e+04,8.567025160694212715e+00,1.026515914331338131e+01,1.122877852752640409e-03,2.142543459487058932e+00,-6.529826709692027054e-01,9.999740276105681946e-01
2.895754921015381966e-03,1.456244649315023398e+00,9.993812307999210276e-01,1.176792147751112225e+03,7.010101517579765407e-01,1.948536191694810782e+02,4.705712346355134287e+03,7.907779752222521275e+00,9.039955814665361800e+00,2.015713526666159175e-03,1.626071431744506857e+00,-6.995325666648073426e-01,9.999670986355578828e-01
8.671866979592960864e-04,1.442698856986412892e+01,9.969343032927664439e-01,2.353929038295503233e+03,4.378162960889143696e-01,2.566653370338193554e+02,9.401289164612182503e+03,8.450966824162835067e+00,1.101392042886770639e+01,8.137164021434392354e-04,2.919881880962345910e+00,-5.228199687254145855e-01,9.997629445608678944e-01
2.207880146214055359e-03,2.627714506221524715e+01,9.969955973919409908e-01,4.373003521288964293e+03,5.901464723772755772e-01,3.042916626154371329e+02,1.746573694009365136e+04,8.615542753386845831e+00,1.041589277040968931e+01,1.057025837091138225e-03,2.375019305779189516e+00,-6.455751789776037475e-01,9.999731389310015928e-01
5.913514121799077691e-03,6.593470186790759158e+01,9.923578543197416613e-01,4.316592167596773834e+03,5.003770630290063082e-01,3.340354659361135532e+02,1.720043396851917350e+04,8.446174877058098218e+00,1.073033565280956481e+01,7.979375015620899028e-04,2.772465187547417109e+00,-5.748430996997568876e-01,9.999037060469091465e-01
2.052762693222203241e-03,3.595740964103668347e+01,9.925283106228183216e-01,2.407196058640653064e+03,3.938431739332052817e-01,1.680046804259976625e+02,9.592826824921572552e+03,8.364238239693770893e+00,1.137345257952585698e+01,5.924855926561776228e-04,3.373090899432766410e+00,-4.655738266642523437e-01,9.994240850484330529e-01
5.875223911806265638e-03,2.425658206575584330e+01,9.955875993235083765e-01,2.749163844851061185e+03,7.220232774525267017e-01,2.784092750223252892e+02,1.097239879733850466e+04,7.971728640954935940e+00,9.003677054479005903e+00,1.588178761469073112e-03,1.601948834899918683e+00,-7.262698618558967034e-01,9.999815784333618840e-01
1.477295800851127165e-03,1.760198081748719545e+01,9.973656883781651938e-01,3.342147942183281884e+03,5.354731403273563783e-01,2.657424529290345845e+02,1.335098978791567788e+04,8.548803605662545380e+00,1.063078244885482171e+01,9.463626562653236225e-04,2.557878850757148825e+00,-5.987814005555976982e-01,9.999370504805603632e-01
3.919620655787810215e-02,3.608178896015047599e+01,9.898920500266904510e-01,1.785663157328301168e+03,7.206288340625468525e-01,2.812824016432061285e+02,7.106570840353084350e+03,5.066721578078788646e+00,5.474743094508438546e+00,2.468757887889441033e-03,1.292886287634757325e+00,-6.858772392917208416e-01,9.982865666374266533e-01
5.063226254726970951e-03,2.631968313309974761e+01,9.965388242213305547e-01,3.803051699783842196e+03,6.842897412102564303e-01,3.091381383617674601e+02,1.518588711600226088e+04,8.188253078903787952e+00,9.485146459552455056e+00,1.400399581093436695e-03,1.912920444358130689e+00,-7.005854414546048847e-01,9.999805675193866872e-01
2.828988114071331970e-03,4.183169676383437263e+01,9.902852155391794753e-01,2.156619892600725507e+03,5.939019558116753750e-01,3.055860949546462280e+02,8.584647873639052705e+03,8.034608737277011414e+00,9.769048686510830137e+00,1.183420137994631045e-03,2.170441369169255452e+00,-6.208294377197112190e-01,9.999172771696587247e-01
2.424516304192779730e-03,1.169233629381760764e+01,9.964356976583409464e-01,1.640907332610018784e+03,6.680478169851793435e-01,2.568353816452868159e+02,6.551936994146253710e+03,8.089795276536259294e+00,9.412209866931682711e+00,1.679545896914826433e-03,1.781395522633153927e+00,-6.788982012780635511e-01,9.999659784248420280e-01
2.735211972164059303e-03,3.000857286803749702e+01,9.958317526465366720e-01,3.600785378558663979e+03,5.364734171789948824e-01,2.998831789741864213e+02,1.437313294136661716e+04,8.214313212006947751e+00,1.025407690612643030e+01,9.343137351852104366e-04,2.457585686077011555e+00,-5.890586437017062416e-01,9.998963154558153654e-01
8.824915641691219058e-04,5.495317157262562802e+01,9.865040518222673027e-01,2.036294284903623520e+03,4.563299320934505188e-01,2.233748123331009197e+02,8.090223968041893386e+03,8.368572505138232032e+00,1.091440750942937576e+01,8.498178550396723102e-04,2.912216043505699403e+00,-5.220992687679637534e-01,9.997529073765987206e-01
1.596920571955970803e-03,2.292534429648553740e+01,9.974334023563040663e-01,4.466130464861059409e+03,5.660621324847751046e-01,3.110386204333891556e+02,1.784159651514775396e+04,8.745602113575580816e+00,1.066580587406169123e+01,9.874099636159754979e-04,2.460256147913280955e+00,-6.326916044496857516e-01,9.999715433094000794e-01
2.399639068146794483e-03,1.640085953484030057e+01,9.966362592466209147e-01,2.438554925562320932e+03,6.291765237832293023e-01,3.347998887304614755e+02,9.737818842714452330e+03,8.252983095093473054e+00,9.756861579993895361e+00,1.239249238856582943e-03,2.056805856430063528e+00,-6.605708947543083021e-01,9.999640173215031957e-01
2.461459054052610174e-01,4.603003476552179052e+01,9.928002402197977361e-01,3.196366480642615898e+03,6.773863046768496821e-01,9.319103962533775132e+01,1.273943588780493883e+04,5.234242838947080756e+00,6.901153218981288973e+00,1.688338184213374754e-03,2.416084528058534353e+00,-5.360892128772147824e-01,9.966736474998176831e-01
2.481748501354472461e-03,4.973946728786602023e+01,9.917350171223376920e-01,3.010056474865109067e+03,5.537207104641748145e-01,2.536383944684451706e+02,1.199048643217258541e+04,8.335269001467912275e+00,1.044828592860360850e+01,9.363816577991988105e-04,2.678749354994299559e+00,-5.873881181647019334e-01,9.999061942706916062e-01
2.087728883654030223e-03,1.972145842123032367e+01,9.941742789916281353e-01,1.692869733651711613e+03,5.248514120936947913e-01,2.743561447113746112e+02,6.751757476185623091e+03,8.175101353680442884e+00,1.031797322047642140e+01,9.064437353775519788e-04,2.511690764857481550e+00,-5.701400845064976686e-01,9.998538311063074335e-01
7.999119696627270040e-04,5.747592983770027786e+01,9.863404330771858852e-01,2.103798236765867841e+03,4.449032900987778261e-01,2.235912118683357050e+02,8.357717017225757445e+03,8.463102040012017824e+00,1.103781611940316054e+01,8.385095769836201475e-04,2.923175359694549336e+00,-5.241244096027335431e-01,9.997838796631612901e-01
1.378652794408583796e-03,7.227724185781027266e+00,9.983110110215773769e-01,2.139764255971300372e+03,5.704521999756205775e-01,2.524194458608518516e+02,8.551829299699427793e+03,8.295544896138792978e+00,1.009434035605266367e+01,1.137811707698054529e-03,2.151474317871030273e+00,-6.189289649617035760e-01,9.999350388663678091e-01
4.146928152834600256e-02,3.262858889562865983e+01,9.970940017470566463e-01,5.614713880120631075e+03,5.856377858107775225e-01,2.155262386612044168e+02,2.242622693158690527e+04,7.598997432521371387e+00,9.410597066679494915e+00,1.041273229719474457e-03,2.357678785938510657e+00,-6.178569955325594609e-01,9.998823902902738148e-01
9.759089594690132513e-03,2.381476325779309633e+01,9.976909865584344672e-01,5.157360898983250991e+03,5.781247396392450444e-01,3.234012716783301471e+02,2.060562883267521829e+04,8.375212316864637074e+00,1.028589661463428939e+01,1.006791915969661600e-03,2.496242023289258150e+00,-6.291435282199754342e-01,9.999567933107986750e-01
7.922589022458438601e-03,1.702354059979043299e+01,9.951401973327248518e-01,1.751739498488881054e+03,6.392041378239190497e-01,2.104859392105819609e+02,6.989934453355730511e+03,7.440711141956314556e+00,8.933669566016099850e+00,1.246258472157895768e-03,2.005729811437954702e+00,-6.320947090936060997e-01,9.998610821771015678e-01
1.490550731582205831e-03,2.199720839997115007e+01,9.967304416977387227e-01,3.363908249715440434e+03,5.271214926330017869e-01,3.252127439547059566e+02,1.343363579046179439e+04,8.521805330190787231e+00,1.063425991864712827e+01,8.958794073838215882e-04,2.557201641159090766e+00,-5.923546868523963393e-01,9.999257780498542747e-01
1.431402613101020928e-03,1.329898218161940804e+01,9.954361898680327281e-01,1.456977822029981326e+03,4.705471837644582545e-01,2.877537067420370249e+02,5.814612305938280770e+03,8.081248582759297250e+00,1.050337158753324651e+01,9.179803896893440427e-04,2.837540405239892927e+00,-5.212036903262946552e-01,9.996603805541863785e-01
2.684335379660758060e-03,4.510181007422007227e+00,9.981073147314748484e-01,1.191737209970734057e+03,6.801246248113569370e-01,1.975571236440858911e+02,4.762438658875498732e+03,7.940632373541161471e+00,9.252430487900868528e+00,1.602478000098227912e-03,1.788191337567807571e+00,-6.747463199977178361e-01,9.999548036640681925e-01
1.644385689583528678e-03,3.350481743096755594e+01,9.937770340405538416e-01,2.694484606855515267e+03,4.736948491465391986e-01,3.105459018994228586e+02,1.074443360999107608e+04,8.264483485280116781e+00,1.075573652862588148e+01,7.400476783891745585e-04,2.976562487066627405e+00,-5.239186980339056721e-01,9.997219439552840203e-01
2.155994201471123257e-03,1.347949553862423144e+01,9.978349146962932625e-01,3.113193569222138194e+03,5.948819171754958779e-01,2.436508658717669391e+02,1.243929478134993951e+04,8.483858986834954763e+00,1.015751498883653881e+01,1.113094220444885889e-03,2.167538553585016015e+00,-6.490270906638206938e-01,9.999689572085870282e-01
3.573094260994473612e-03,1.016482969262080438e+01,9.977205271506073281e-01,2.229473198486065485e+03,7.436443884111620939e-01,3.064548397771694681e+02,8.907727964251640515e+03,8.169083034068858495e+00,9.049030313399908820e+00,1.683293326078169443e-03,1.470434879883882662e+00,-7.503004922899910722e-01,9.999898665470561276e-01
9.729363189109962269e-04,3.161455792052587910e+01,9.936911585542805847e-01,2.506789254693249859e+03,4.406743718957638056e-01,3.370639172019169791e+02,9.995542460852491786e+03,8.478797389152539665e+00,1.112665581669927839e+01,6.544793484160448416e-04,3.166929374307682288e+00,-5.163892876694218259e-01,9.997579301863834811e-01
1.276846387167632907e-02,1.871445289434460335e+01,9.977681234661049947e-01,4.193356173858869624e+03,6.194446429656863540e-01,2.329303613732330973e+02,1.675471024254114309e+04,8.147335581601183208e+00,9.769977763720262942e+00,1.170151884337218388e-03,2.154764741477077195e+00,-6.541799763028341985e-01,9.999590873649522038e-01
2.920755201168786369e-02,2.026868713702990732e+01,9.983136721011196535e-01,6.010209078490193860e+03,6.424701374433239298e-01,2.290123459830493857e+02,2.402056762682374392e+04,7.957393234426553441e+00,9.429019163930789205e+00,1.234798474079581640e-03,2.067665682693054841e+00,-6.785140731902912226e-01,9.999671864673520538e-01
3.476018055622331817e-03,3.488932854492298929e+01,9.899444710385429946e-01,1.735684677429818294e+03,7.209721172431609038e-01,2.704066052775664275e+02,6.907849381174353766e+03,8.005721067125207924e+00,9.154178229739846628e+00,1.572434356060668521e-03,1.681310861762969733e+00,-7.063671744178575684e-01,9.999745692117378848e-01
8.563945582890043415e-03,1.723462578102575193e+01,9.969462445226047187e-01,2.822718543699907968e+03,6.909187640238476646e-01,2.681181619931031719e+02,1.127363954901859324e+04,7.672248467089586299e+00,8.888324510556275371e+00,1.435466140510077574e-03,1.879443472772829971e+00,-6.910698220049178442e-01,9.999538124032358866e-01
1.600456397677810921e-03,2.496040468583583305e+01,9.943150053754110651e-01,2.195596006074703837e+03,5.467809375442542752e-01,3.321962077382789857e+02,8.757423619612982293e+03,8.245001809605438936e+00,1.026316724039151751e+01,9.707096638589033342e-04,2.431379937674080338e+00,-5.870637664239165554e-01,9.998910978146625661e-01
1.675430172767390560e-03,1.831388131401412878e+01,9.969123279848268737e-01,2.965690269530103251e+03,5.791354739183196543e-01,2.665446822665102786e+02,1.184444719680642447e+04,8.482902221008657762e+00,1.025434088214449702e+01,1.085353811976261240e-03,2.222535392196074433e+00,-6.357351576056706755e-01,9.999611852461709471e-01
7.720275782522857894e-04,3.862906231983382810e+01,9.926690801292403776e-01,2.635956958969147308e+03,4.399349912579660904e-01,2.978710569192715525e+02,1.050519877355673088e+04,8.557616547125444839e+00,1.128242079038862578e+01,6.807869408573161661e-04,3.152353329020107786e+00,-5.104684198705740084e-01,9.997541563099662243e-01
1.858412513248493226e-03,2.030471441496608520e+01,9.949690692812259707e-01,2.018538866549453360e+03,6.266024589810323953e-01,2.210101500320783430e+02,8.053850751782849329e+03,8.282311281192306751e+00,9.755478058351421566e+00,1.241287926607411666e-03,1.917482675562639960e+00,-6.682994964820818673e-01,9.999699158193257054e-01
7.625894263765000541e-03,1.094296913968103127e+02,9.865090432910853524e-01,4.057911169206729028e+03,6.109149407993332836e-01,2.711686914814054603e+02,1.612221498543012785e+04,8.255981531316411548e+00,1.000534946117566015e+01,1.134125283807967512e-03,2.275181562950625569e+00,-6.395871620964348470e-01,9.999550395183645080e-01
9.838003697824908213e-04,3.796810421832832816e+01,9.906105892528664913e-01,2.023052236050218880e+03,3.913430054502097244e-01,1.747911963497288639e+02,8.054240839982532634e+03,8.346739640269479565e+00,1.141119858172696233e+01,6.692081986126956466e-04,3.385871950543759556e+00,-4.532582041436297171e-01,9.992910755705686210e-01
6.026692345397382296e-04,4.729069528983740867e+01,9.893503401686147836e-01,2.221443432998293247e+03,3.974235831670549501e-01,2.845613419700085842e+02,8.838483036703335529e+03,8.525711062516137417e+00,1.143494343596664820e+01,5.721297533325234207e-04,3.277201717639252720e+00,-4.836107952953007105e-01,9.996217222281149617e-01
3.059800840634685232e-03,9.356691494908114137e+00,9.984317392445785089e-01,2.983357261795259546e+03,7.228071566681101290e-01,2.629579904572937039e+02,1.192407235568613032e+04,8.306254784749178555e+00,9.389680851165927322e+00,1.574421045431874736e-03,1.660455185795306265e+00,-7.330720534581046666e-01,9.999896217244483854e-01
2.392380373996127411e-03,3.334448877384093635e+01,9.917092394867730309e-01,2.011762285326590245e+03,6.825447397068443722e-01,2.349377363880066127e+02,8.013704652532514956e+03,8.214251486657609291e+00,9.445516781517882876e+00,1.437579868651374815e-03,1.732498295209851547e+00,-7.000686790634520484e-01,9.999795147617325242e-01
3.577285152762265871e-03,2.238734129278851182e+00,9.988878899385150723e-01,1.006583706539258856e+03,6.548415620923981884e-01,2.927216434234901499e+02,4.024096092027753912e+03,7.707051605301474595e+00,9.073893164001331613e+00,1.703502767479796263e-03,1.865077003526420585e+00,-6.569598087493893068e-01,9.999249686018822914e-01
1.884786031157825725e-03,7.627278945701611690e+00,9.959993251697770722e-01,9.533456495884165633e+02,5.022007449842017524e-01,3.761672194486914123e+02,3.805755319407944626e+03,7.658297154793364037e+00,9.915729282867374650e+00,8.844535389579051034e-04,2.578668689625236432e+00,-5.179775362993266352e-01,9.994530287511436129e-01
2.376516855994090238e-03,4.164284844669027308e+01,9.881278063691888436e-01,1.754269764021119954e+03,5.428076022692602809e-01,3.317468894621349591e+02,6.975436207637827465e+03,8.043669408373201435e+00,1.016081056922768866e+01,9.291737161805551162e-04,2.628345957119129661e+00,-5.624468348806130891e-01,9.998057384261330727e-01
2.179949493282280076e-03,1.926190147711920275e+01,9.969171171237840579e-01,3.124587380367291189e+03,5.710710281712738645e-01,2.719894006296171369e+02,1.247908761999204944e+04,8.496339209499804923e+00,1.027853143278939818e+01,1.061435584016183617e-03,2.167598308338023916e+00,-6.373096239245388261e-01,9.999636867931352979e-01
3.211846478140934803e-03,2.962589978653761058e+00,9.988213968202490634e-01,1.257432168664582605e+03,6.535576566351677386e-01,3.361383962997693970e+02,5.026766084679700725e+03,7.900983894032754584e+00,9.279042017782161977e+00,1.502698033158126646e-03,1.936183057506483118e+00,-6.661437844246689277e-01,9.999490671625290705e-01
2.185124993599595489e-03,1.538139911464475951e+01,9.975754946361895525e-01,3.172714310390461378e+03,4.840502508712264396e-01,2.554938765718860054e+02,1.267547584244720383e+04,8.486409194049542748e+00,1.079870966153903744e+01,8.022505609371717236e-04,2.650610974747893422e+00,-5.662081064056283530e-01,9.998918924482668169e-01
1.133658709294286127e-03,1.077762507061934549e+01,9.985377327035123152e-01,3.685768643096884261e+03,5.418985651849997920e-01,2.578818567512927871e+02,1.473229694731691779e+04,8.564521889775891239e+00,1.052343951040083603e+01,9.769795982649286982e-04,2.344486630322894172e+00,-6.125899664949563395e-01,9.999494875436300001e-01
1.335520886396018196e-03,9.898528668019137555e+00,9.983952260626092201e-01,3.084627726694783632e+03,5.548423167229068476e-01,2.667245623259669856e+02,1.232861237811111641e+04,8.490179212732138936e+00,1.038542649002751972e+01,1.011769333245283401e-03,2.285041298718364811e+00,-6.185145334022281727e-01,9.999500847664292147e-01
2.581058462391420602e-02,1.736637895767238149e+01,9.978894724618853074e-01,4.114629983038198588e+03,5.332550936976445666e-01,1.805888154464507522e+02,1.644115355319511582e+04,7.975085020150387116e+00,1.011680379349737358e+01,8.766547099296013654e-04,2.634963871148188197e+00,-5.822493212073307500e-01,9.998679752809940258e-01
1.867025176997723010e-02,1.420708822801092452e+01,9.985208759592258954e-01,4.802900774937126698e+03,5.556237331402771318e-01,2.164766236520011660e+02,1.919739601152049727e+04,8.175029012536855433e+00,1.015530145145876162e+01,9.531522449557594230e-04,2.459916758276190940e+00,-6.118652147803764763e-01,9.999305542776811828e-01
6.634093083036148031e-03,1.031538303347051411e+01,9.986909174111404663e-01,3.940521206868745139e+03,5.368365334419467061e-01,2.716402088378197845e+02,1.575176944444151741e+04,8.339529145900044682e+00,1.032922057501456692e+01,9.327292621442707888e-04,2.394534073758284975e+00,-6.087158525972251599e-01,9.999359395047296983e-01
1.120714060369026530e-02,2.211303396107292940e+01,9.969094449560645943e-01,3.578084046133148149e+03,4.901032104627484620e-01,2.256972767902581438e+02,1.429022315057153355e+04,8.189989139023492015e+00,1.051651389917543256e+01,7.788953931792819271e-04,2.746793060007646226e+00,-5.590917780754511845e-01,9.998449560634539157e-01
1.381630935818024125e-02,1.737989400105988480e+01,9.980146182439036950e-01,4.377425521823304734e+03,5.274388034940722392e-01,2.122157427078360570e+02,1.749232219329216241e+04,8.265767253109412849e+00,1.040147615384015900e+01,8.745284324543742445e-04,2.595414332736795338e+00,-5.916803354570312479e-01,9.999136726039665746e-01
9.110317886349441480e-03,1.800801214021776175e+01,9.971577791467258756e-01,3.168536662456476279e+03,4.883592671930990781e-01,2.112443895687136717e+02,1.265613863768568626e+04,8.176984198982356844e+00,1.049366025203316610e+01,7.805439268552004156e-04,2.727427094579293332e+00,-5.571257612120553704e-01,9.998362011775620006e-01
1.811828506325400406e-02,1.781263511808382916e+01,9.978487990147749676e-01,4.140658812842444604e+03,5.488006215495426776e-01,2.426910133527438234e+02,1.654482261625169485e+04,7.935129473277124035e+00,9.911142519586222832e+00,9.368307277300681963e-04,2.459850277432164667e+00,-5.981137248140055984e-01,9.998856529864278420e-01
1.030697148971316309e-03,1.126922897608408114e+01,9.984281230345775082e-01,3.585394183600865290e+03,5.242195361372474771e-01,2.855939810619757964e+02,1.433030750542738679e+04,8.596270821776128557e+00,1.065108687977383184e+01,9.263112644437913835e-04,2.420182822434022718e+00,-6.017630773682408618e-01,9.999426927417414124e-01
1.410676221443227935e-02,1.593969437582787130e+01,9.981124480182201886e-01,4.222712134076567963e+03,5.236390035217080019e-01,2.125230607932678026e+02,1.687490884193044985e+04,8.207110724523857925e+00,1.035713622521202559e+01,8.633052494724220791e-04,2.606806991801691176e+00,-5.865051686695939015e-01,9.999004316036859130e-01
1.685801076200536472e-02,2.018785481955807271e+01,9.985356659100541599e-01,6.893752480728000592e+03,5.256686625920338196e-01,2.425854600349284169e+02,2.755482206809244235e+04,8.287243119785168588e+00,1.046932440895215777e+01,8.514163904688427193e-04,2.705701250052677587e+00,-5.924062064967005048e-01,9.999199557696105689e-01
2.561411966832405351e-02,1.439012995186770638e+01,9.984189803436278599e-01,4.551223959619181187e+03,5.605753045721031391e-01,1.838571405969966008e+02,1.819050570852485544e+04,8.022524768196786837e+00,9.995433551647506576e+00,9.598055960177072918e-04,2.483024556976987096e+00,-6.087472633278910861e-01,9.999146251598539648e-01
5.923366159117217020e-03,1.135578450761207492e+01,9.985293844834512988e-01,3.861346867764611034e+03,5.586382248179984078e-01,2.530031721049086855e+02,1.543403168655082663e+04,8.354559979652648849e+00,1.025694378510290505e+01,9.912086959428464700e-04,2.339305352845224562e+00,-6.203247832330807121e-01,9.999464760988165946e-01
3.491907742777375454e-03,1.464876260334343527e+01,9.976338931841859381e-01,3.096004485840152029e+03,4.953868458457506008e-01,2.332717561775526747e+02,1.236936918075726317e+04,8.420202008693348006e+00,1.065918969935283656e+01,8.245264546610656456e-04,2.598497188284049741e+00,-5.750261770036603215e-01,9.998998121410258566e-01
2.624471799444784426e-03,1.401167795835273999e+01,9.979033085448167917e-01,3.342038320236673371e+03,5.058470273397808192e-01,2.527597615825207242e+02,1.335414160298833485e+04,8.406456398697368826e+00,1.058022283744859671e+01,8.528204940450203990e-04,2.561427460381985544e+00,-5.804752167972321297e-01,9.999044759406188199e-01
9.590476284262204392e-04,1.330579277903346735e+01,9.981014588625887196e-01,3.504596323553921138e+03,5.111479139833716712e-01,2.444098697434577048e+02,1.400507950143665948e+04,8.614754056899263546e+00,1.076024891250158788e+01,8.868038459804661539e-04,2.507028591027342213e+00,-5.904442621681453840e-01,9.999319057417580536e-01
1.243892810245205262e-03,1.220757069063547640e+01,9.981879915737871256e-01,3.369066227744959178e+03,5.100540020226025373e-01,2.585139986334410196e+02,1.346405734028920415e+04,8.612841444969596694e+00,1.074489161194327735e+01,8.849598782212070693e-04,2.484628419742465066e+00,-5.935151752935921010e-01,9.999366896170036600e-01
1.366897121884722531e-03,9.886026131095487557e+00,9.988259083174658715e-01,4.210580060562709150e+03,5.620222965650685243e-01,2.660568611935896115e+02,1.683243421611976009e+04,8.536909444153341298e+00,1.038342368188284581e+01,1.026972095960718666e-03,2.269291113569633644e+00,-6.273200880378233535e-01,9.999586361037604565e-01
3.075797524136391486e-02,1.671165894521148232e+01,9.978959234071556050e-01,3.971589576013951955e+03,5.380829046727759746e-01,2.094703358175846688e+02,1.586964664511059891e+04,7.569888314687943875e+00,9.632486621499261048e+00,8.957090428176352464e-04,2.566929399564783054e+00,-5.726667003936654066e-01,9.997654858849394088e-01
8.672565042907833671e-03,1.203251823328977466e+01,9.985734412699207585e-01,4.217663262704019871e+03,5.162785390029477339e-01,2.341017127229221728e+02,1.685862053258279775e+04,8.363629175611793087e+00,1.049711267272527593e+01,8.624759010011403670e-04,2.540228083468864639e+00,-5.927403319457369424e-01,9.999217566356680686e-01
1.205269511421184830e-03,9.702668539628270139e+00,9.984155483997775304e-01,3.062286251725177863e+03,5.527633402814310370e-01,2.680743714401635884e+02,1.223944233836108469e+04,8.527120913167664185e+00,1.042685772531366695e+01,1.011786290396438212e-03,2.276187523112775946e+00,-6.189092889494509642e-01,9.999524401955415254e-01
3.779019850234977690e-03,2.135219616472787152e+01,9.968326401659580727e-01,3.371516225828182542e+03,4.207266845930496268e-01,2.634972846038202192e+02,1.346471270714801722e+04,8.416504792830913573e+00,1.109858074070779743e+01,6.247687069447098495e-04,3.026998748625861602e+00,-5.159595020116115593e-01,9.997572401397696318e-01
1.368613720401954705e-02,1.454830989041353817e+01,9.983903551355230999e-01,4.519966188152497125e+03,5.295894840441517371e-01,2.718038894936711927e+02,1.806531644271954792e+04,8.047236295499525127e+00,1.013567756929890251e+01,8.889690844406093230e-04,2.530817611941706957e+00,-5.857674526567373530e-01,9.998780177029675809e-01
1.076488223703021396e-03,8.618803810643825614e+00,9.989228405508917552e-01,4.000970089817951248e+03,5.566993464172635964e-01,2.522626266438848006e+02,1.599526155546115479e+04,8.690606702231921332e+00,1.057068309733532097e+01,1.017809484713172105e-03,2.274926659140434904e+00,-6.292125748242841654e-01,9.999666532488987736e-01
1.162409070615903848e-03,1.349011630829664909e+01,9.974030344456730202e-01,2.597677446690986471e+03,5.020834361779764610e-01,2.652352676181430979e+02,1.037721967045565179e+04,8.391659521381374276e+00,1.055442980400539454e+01,8.702280254171110329e-04,2.505558377695815686e+00,-5.760683044653788221e-01,9.998929185536198361e-01
2.134558358462238133e-03,1.190275377388700306e+01,9.980017772906849549e-01,2.978791415725332627e+03,5.167377474345621335e-01,2.572405202832488840e+02,1.190326290912745753e+04,8.466865612529083762e+00,1.057709778739097217e+01,8.899641743319005108e-04,2.478308299188783259e+00,-5.916650060727532967e-01,9.999248180349191717e-01
1.493909805089159437e-02,1.030624487940373157e+01,9.985454907377524503e-01,3.543188029856728463e+03,5.510203131267000787e-01,2.163411400519608492e+02,1.416244587454751127e+04,8.025358986019330843e+00,9.983291233489591576e+00,9.525895328436018118e-04,2.405287762623466552e+00,-6.037595533224290323e-01,9.999046811293827997e-01
2.414855336591113094e-03,1.126950151752927098e+01,9.983134891705276459e-01,3.341587350040262208e+03,5.044904791046412873e-01,2.650757407493231881e+02,1.335507989864353658e+04,8.499876982954472027e+00,1.066574671983010703e+01,8.597198015730692046e-04,2.516584442251181386e+00,-5.871645154201822203e-01,9.999230353117813941e-01
3.594960422257421906e-02,1.378582838482089024e+01,9.984288943014221207e-01,4.387506403028104614e+03,5.893904197399987277e-01,1.675684772954749349e+02,1.753623978372759666e+04,7.765060821444825123e+00,9.606215207808448397e+00,1.045543951090619145e-03,2.376461161554293877e+00,-6.190452178009400175e-01,9.999032315097949875e-01
8.837166641767280409e-03,9.208095212076671032e+00,9.988170968718041998e-01,3.892577753236957506e+03,5.718623573262290316e-01,2.407248440345061056e+02,1.556110291773575227e+04,8.194649274881934176e+00,1.002698671921625717e+01,1.027519588324332786e-03,2.279100145159373092e+00,-6.245628586399255555e-01,9.999402181448762139e-01
4.268086268972911580e-03,1.681149180760726125e+01,9.968354122763125602e-01,2.656778981946950807e+03,5.027933388697964912e-01,2.405483341540301865e+02,1.061030443598019338e+04,8.214228924394394227e+00,1.040102959343829525e+01,8.401525098469604831e-04,2.569930111858091504e+00,-5.713019446514568944e-01,9.998672078985206824e-01
2.747326744281147586e-03,1.162526071622787960e+01,9.981858124213087713e-01,3.204683531800304081e+03,5.138047938089486122e-01,2.702135531968326632e+02,1.280710886648501037e+04,8.435824153378035817e+00,1.054323064867215365e+01,8.866391066899370968e-04,2.467566773624323417e+00,-5.919720213502688289e-01,9.999229937247391398e-01
1.451631864460360341e-02,1.695360568557116565e+01,9.979791203858580095e-01,4.195134016719691317e+03,5.031299407503095900e-01,2.370247802787181968e+02,1.676358246119319665e+04,8.092402962998891169e+00,1.033324942790794765e+01,8.090033426999954222e-04,2.689433586415663768e+00,-5.679212034698873923e-01,9.998510683320916970e-01
1.880982717917824634e-02,1.434433238534246335e+01,9.984502157145095369e-01,4.628336537444074565e+03,5.263162153310384506e-01,2.385352845043323100e+02,1.849900181739094842e+04,8.055222342746775510e+00,1.017228426555010756e+01,8.696287573592513791e-04,2.582721128974507785e+00,-5.863851433401362501e-01,9.998837153156273638e-01
5.095607236101908251e-03,1.269661105480945196e+01,9.980791281174047347e-01,3.305507164396052758e+03,5.466264664732259915e-01,2.519497059776843457e+02,1.320933204652940003e+04,8.287617428597481961e+00,1.023978423140782823e+01,9.666415966644259462e-04,2.355384341295130302e+00,-6.085209160581183108e-01,9.999302357837908106e-01
1.475078289861748212e-03,1.407149383886166660e+01,9.977353930194887699e-01,3.107191813751788686e+03,5.163157325595164604e-01,2.847805617645597067e+02,1.241469576116830649e+04,8.440138816104107988e+00,1.053281805516689573e+01,9.032601998093615697e-04,2.442962924147759729e+00,-5.900577765992923718e-01,9.999192950882462849e-01
2.595682485796161308e-03,1.534035295105315200e+01,9.976743583637123214e-01,3.298829120751314804e+03,5.551539069447861685e-01,2.821751102016147001e+02,1.317997613005421226e+04,8.501506337621915321e+00,1.040633082217760474e+01,1.007291423772093374e-03,2.288074376452012615e+00,-6.217650373018507315e-01,9.999546285439738780e-01
3.566459692731633463e-03,1.509148768264744866e+01,9.975504457638683098e-01,3.080946368933388385e+03,5.136712267017782274e-01,2.300164624278739325e+02,1.230869398805090896e+04,8.364940005796869471e+00,1.050917818663863912e+01,8.740809546199982370e-04,2.520742271693280578e+00,-5.845001207811830746e-01,9.999072894830253189e-01
2.395146468191356685e-03,1.303396742599526803e+01,9.982323942819757434e-01,3.687453124758076228e+03,5.044155126076024231e-01,2.635360816643048452e+02,1.473677853160629456e+04,8.587733561209244471e+00,1.076181340953791121e+01,8.607100982338741508e-04,2.523227273342449006e+00,-5.907679254271537284e-01,9.999340640872710351e-01
2.145753373859065477e-02,1.284269299972948986e+01,9.985065100205408051e-01,4.299890981380157427e+03,5.650507802689571646e-01,2.201631268339944540e+02,1.718672123252090751e+04,7.979472512673784657e+00,9.893224581537731765e+00,9.842660118591322997e-04,2.392232020665422620e+00,-6.121548975954136385e-01,9.999130637239966868e-01
3.540174637367774109e-03,1.632773008899815181e+01,9.977847207812546859e-01,3.686005987076558995e+03,4.779453000123739526e-01,2.536970427789547102e+02,1.472769621821723194e+04,8.542514113349664484e+00,1.088752034398221546e+01,7.745063564961421777e-04,2.707275019095731317e+00,-5.681204494167015895e-01,9.999035907232532994e-01
8.214637918735208030e-03,1.392715552044770000e+01,9.982409402683470878e-01,3.959156541638922590e+03,5.151442337709297714e-01,2.363656675870845731e+02,1.582269901103523807e+04,8.355487619738120486e+00,1.051737531841610362e+01,8.571392415646088454e-04,2.574515245971783273e+00,-5.881015682012116219e-01,9.999151051904394683e-01
3.617625326351855877e-03,6.408773580273037673e+00,9.990713032892684087e-01,3.451079401483613765e+03,5.157762847922946481e-01,2.844291093307459732e+02,1.379790883235414731e+04,8.359819701723759877e+00,1.045472413467306438e+01,8.927749037953478482e-04,2.467170072910764844e+00,-5.910564191719251959e-01,9.999158387953752669e-01
1.181113688045948252e-03,1.027793976659074460e+01,9.986447309771754322e-01,3.792197994853689579e+03,5.663434640380756724e-01,2.414036589901738239e+02,1.515851403964818019e+04,8.669272840975850158e+00,1.051444963179273628e+01,1.038535498505259360e-03,2.258194528783815436e+00,-6.339478253667953922e-01,9.999685198695414945e-01
1.094827972839538394e-02,1.409059913460996150e+01,9.980982151087300913e-01,3.704850024262267198e+03,5.284980285712360670e-01,2.050553804501868171e+02,1.480530949791446255e+04,8.260425069095933992e+00,1.036662266055179238e+01,8.860101826929378272e-04,2.543846739738592877e+00,-5.929496243006945333e-01,9.999133124393976280e-01
8.744922418181654694e-03,1.560261108387197204e+01,9.979944430859719606e-01,3.890471170316614916e+03,5.099214021499932636e-01,2.313471889763184777e+02,1.554628207018258217e+04,8.318083750970233226e+00,1.052759931148781014e+01,8.384999014561572619e-04,2.628725538021730479e+00,-5.799858035010428958e-01,9.998999782562562055e-01
5.940170945393435237e-03,1.455339818551058784e+01,9.979584331994648672e-01,3.564662350092676206e+03,5.168597304106772317e-01,2.013721790283946689e+02,1.424409600218519336e+04,8.450212661424533422e+00,1.060931001039999622e+01,8.632237845649637625e-04,2.578062974501160287e+00,-5.908216068507202712e-01,9.999258498644522097e-01
3.563835295703056232e-03,9.669979815933434253e+00,9.985366788971916652e-01,3.304376250623909982e+03,5.565350329615578184e-01,2.202566433448102146e+02,1.320783502267970835e+04,8.466523427658714240e+00,1.036923598549055114e+01,9.995773751156945570e-04,2.305005452615152883e+00,-6.220997155376561949e-01,9.999529228874088904e-01
2.380656821018832872e-03,9.998469924233535977e+00,9.982900505779658262e-01,2.924092724174672185e+03,5.442683426841380401e-01,2.649364192837337555e+02,1.168637242677446557e+04,8.394606402009047841e+00,1.034758884597719941e+01,9.753711723635709492e-04,2.332235944838172426e+00,-6.091229766468120310e-01,9.999369845445860161e-01
1.370419881440107426e-03,1.505929102173129586e+01,9.979765016253426824e-01,3.721550014656070289e+03,4.908601056959874254e-01,2.534369658007769885e+02,1.487114076760253556e+04,8.654692972581193189e+00,1.090921614621164082e+01,8.175293063859198888e-04,2.615297829275031738e+00,-5.810249794095239118e-01,9.999276184303832471e-01
2.137652548154553994e-02,8.647084086669208247e+00,9.989652970449368619e-01,4.178956348230327421e+03,5.319438073920642607e-01,2.193243300670322355e+02,1.670717830883464194e+04,7.912384549881465112e+00,1.000368322343229721e+01,8.815614675530686339e-04,2.578909880061168280e+00,-5.833754223095075631e-01,9.998586497637693693e-01
1.802527778241336254e-02,1.292586579548694559e+01,9.986569887119467470e-01,4.812762373994961308e+03,5.347048574997387282e-01,2.528962873095378541e+02,1.923812363018436372e+04,8.011816317476693428e+00,1.006690461651648505e+01,8.975020871907527734e-04,2.510170404386125487e+00,-5.918491290393415039e-01,9.998863109038539365e-01
4.395230692310020913e-03,1.250498754557130709e+01,9.982788207728545693e-01,3.633316891675557599e+03,5.483203297810654853e-01,2.601456575269396581e+02,1.452076257915664610e+04,8.355144003082955351e+00,1.030136730109452081e+01,9.712222257532190624e-04,2.352865349517376359e+00,-6.113334483226631200e-01,9.999376355816934625e-01
4.620103334120367194e-03,1.593664514476914817e+01,9.978473167054024984e-01,3.702218130933111297e+03,5.109134313091246993e-01,2.461455918927100583e+02,1.479293587858767023e+04,8.449881415702826359e+00,1.060549879212546998e+01,8.632719431893669769e-04,2.540333115430079669e+00,-5.896069481774758314e-01,9.999233586872646740e-01
3.031530063821900184e-03,1.551860334328839386e+01,9.971886039534316737e-01,2.760787274809353676e+03,4.808095476927952694e-01,2.555506284056227173e+02,1.102763049589413458e+04,8.329060063700813643e+00,1.064453609729953065e+01,7.878695874894992837e-04,2.669071016686732190e+00,-5.585087227720930692e-01,9.998574079831292760e-01
6.128293859879641731e-02,6.692618222044498744e+00,9.993411396187594775e-01,5.079090337887892019e+03,6.050030920148172786e-01,1.802988927794992549e+02,2.030966873332951218e+04,7.415255115818654374e+00,9.175057540823733149e+00,1.096731140321421678e-03,2.338693314739719309e+00,-6.233696165119282373e-01,9.998698850192699883e-01
9.533877303346316445e-03,1.493142353911978226e+01,9.982545979454512386e-01,4.278007971903740327e+03,5.321276666190360993e-01,2.593771824139723776e+02,1.709710046407584377e+04,8.280755675909771796e+00,1.032722333198168485e+01,9.077107134006038311e-04,2.476253162370152694e+00,-6.008724668225289278e-01,9.999239408565979703e-01
2.488177867160716594e-02,1.454767257417083570e+01,9.984441756385808997e-01,4.675583483379470636e+03,5.383470371458846104e-01,2.198777867557628269e+02,1.868778626094372157e+04,7.940759512524203423e+00,1.001829854475633041e+01,8.971783240550756282e-04,2.568676233651876473e+00,-5.893104231405866811e-01,9.998758799255540453e-01
5.704356358251323408e-03,1.105880770738058416e+01,9.986282892661234589e-01,4.031462324418159369e+03,5.795726249485338988e-01,2.313906113215097662e+02,1.611479048996526217e+04,8.157017193245769349e+00,9.924737452007054372e+00,1.056268769514259135e-03,2.236377229981125758e+00,-6.273056038030561110e-01,9.999380291637025575e-01
1.676443289212423832e-02,1.896933957872283116e+01,9.977883617436335006e-01,4.288897483016488877e+03,5.136429354506472089e-01,2.002502802380230946e+02,1.713662059248723381e+04,8.193037760850955920e+00,1.039746734507178694e+01,8.338584457388787882e-04,2.660694651238985298e+00,-5.798457578452291816e-01,9.998890049362911814e-01
1.104672904788878271e-03,1.049979663179489009e+01,9.986355366935368849e-01,3.847957617547579048e+03,5.235336304004393204e-01,2.532913184437918801e+02,1.538133067355853382e+04,8.591334379622766804e+00,1.065580964607862313e+01,9.192837673311263875e-04,2.433706996343683926e+00,-6.008305328730854100e-01,9.999415986439359472e-01
1.760774290264557895e-02,1.722799694965794259e+01,9.974998095376467200e-01,3.445684573701886620e+03,5.328138386710000729e-01,1.944605787926411722e+02,1.376551029785789433e+04,7.934459243223567881e+00,1.001794105174177574e+01,8.892467655128071186e-04,2.551091061995758746e+00,-5.828473210132013582e-01,9.998584305360849189e-01
2.231701214289561613e-02,1.681080760622473491e+01,9.982374021226041449e-01,4.769159672032104027e+03,5.336806814447621061e-01,2.136559318120109765e+02,1.905982788052219257e+04,8.040064324272991669e+00,1.014613874968472373e+01,8.843222778415280993e-04,2.595663313221824531e+00,-5.893656732000767118e-01,9.998881709810296670e-01
1.793842635262020858e-03,1.076298804855796476e+01,9.986371239953168999e-01,3.949010248959767068e+03,5.660205391436206046e-01,2.312211728189998325e+02,1.578527800779050631e+04,8.589627757937147834e+00,1.045048479480152359e+01,1.027056030925719383e-03,2.289742386209859148e+00,-6.302999077080382317e-01,9.999636963258758948e-01
9.283672620025905375e-03,1.713819163304564341e+01,9.976436515183449982e-01,3.637097200772304859e+03,5.031576656179710394e-01,2.389735035922024622e+02,1.453125061145618020e+04,8.199170502004779593e+00,1.042944207128664580e+01,8.198709695430620413e-04,2.647011342851848692e+00,-5.709971226813544964e-01,9.998703511078508299e-01
4.983996855988674993e-03,1.452484501150074969e+01,9.973215297432095339e-01,2.711966531041531653e+03,5.053669987735539548e-01,2.248031922618533258e+02,1.083334127915461795e+04,8.198146302005376640e+00,1.039166327630950448e+01,8.428039930240570137e-04,2.581135829959990691e+00,-5.705341984020191326e-01,9.998647982856661010e-01
9.349785499452346882e-03,9.711540524167821431e+00,9.989045253341600761e-01,4.432950612727501721e+03,5.550210144788428890e-01,2.386588084327877368e+02,1.772209091038584302e+04,8.395510400503013670e+00,1.029826432566505190e+01,9.820131958644335093e-04,2.327588493938886227e+00,-6.258487313835221499e-01,9.999543514745841133e-01
1.228330329602129664e-02,1.258283858228002750e+01,9.985686114857076356e-01,4.395737184465931932e+03,5.310054623228798176e-01,2.370093685615123320e+02,1.757036589928144531e+04,8.246908309304721740e+00,1.032551699375779819e+01,8.944262257099147660e-04,2.511602729104186693e+00,-5.972349999710943047e-01,9.999179135938921492e-01
2.343403600730842220e-03,1.155158710003940392e+01,9.983215363677154786e-01,3.441513860664540516e+03,4.905376112198373550e-01,2.768597525742714538e+02,1.375450385555810863e+04,8.507576053529152915e+00,1.073911458566773014e+01,8.235411630589955677e-04,2.570605358367444637e+00,-5.787753516400897524e-01,9.999135894010492409e-01
1.144504104613443740e-03,1.362775650640299041e+01,9.964413299712181482e-01,1.915717401209295531e+03,5.028627326567579603e-01,3.150553614386417962e+02,7.649241848330781067e+03,8.331769336386452451e+00,1.045644322562360173e+01,8.857082642193666797e-04,2.434016322038484059e+00,-5.772162410776945363e-01,9.998874736578673428e-01
1.030599278315238836e-02,1.243465991718168695e+01,9.982980684097566559e-01,3.653476652477953394e+03,5.211611244109426444e-01,2.396218329591687564e+02,1.460147194999464045e+04,8.146719046970563483e+00,1.025876744984406486e+01,8.716531905694533495e-04,2.529710850652351795e+00,-5.854759092567873857e-01,9.998893673836285467e-01
1.799983053150126799e-02,1.163998548189016269e+01,9.987648733231773157e-01,4.712602013405608886e+03,5.623739150321835911e-01,2.435433512087512042e+02,1.883876806814054726e+04,8.081592789532162868e+00,9.993295712137911124e+00,9.818031711113562633e-04,2.383182564935608205e+00,-6.153876882912678870e-01,9.999254374067382267e-01
3.286353524233236352e-03,8.953642908722255100e+00,9.991272215797173395e-01,5.129638473507260642e+03,5.832338254684417134e-01,2.372296027332093331e+02,2.050960025112031872e+04,8.440510822420032255e+00,1.018704973341992037e+01,1.071604016551837898e-03,2.211688975567210225e+00,-6.413282397340327456e-01,9.999640169978853965e-01
1.129169162854011923e-03,9.134666903475896049e+00,9.988205973704896712e-01,3.872883914720260691e+03,5.653339865425256461e-01,2.578615674537029463e+02,1.548240099197755990e+04,8.645113452015438682e+00,1.047707652097685127e+01,1.045393400529169223e-03,2.235971819873431521e+00,-6.333767164886814349e-01,9.999669389807899211e-01
5.564348792706135666e-02,1.170838859201299265e+01,9.989316952458495713e-01,5.480140423849581566e+03,6.181440875104919908e-01,1.970850521625881697e+02,2.190885330680630796e+04,7.477803446802960607e+00,9.154321262421488470e+00,1.143301338227065058e-03,2.247309179133373469e+00,-6.373178983054403890e-01,9.998988951588392293e-01
6.154115834130322038e-03,2.027843464900975334e+01,9.969529579688707344e-01,3.328073340182308129e+03,4.597565638791504816e-01,2.209391873667432833e+02,1.329201492608023182e+04,8.370256784951418894e+00,1.086121106418439908e+01,7.125124998817642351e-04,2.860753643686860137e+00,-5.417574553508011093e-01,9.998299534305395975e-01
3.310969035404266042e-02,1.662877889898699380e+01,9.985344893914109843e-01,5.673781003237224468e+03,5.573453306072697622e-01,2.189250375008091964e+02,2.267849523404990032e+04,7.853867762941529662e+00,9.846651316805083098e+00,9.460398695495958205e-04,2.526836548845314834e+00,-6.010077957358184175e-01,9.998872613427719491e-01
3.434031010929454973e-03,1.248852612160572129e+01,9.985942543923225223e-01,4.442140555026771835e+03,5.794685256745988333e-01,1.971295878560713959e+02,1.775607369398548326e+04,8.305854795766382637e+00,1.008251587108349412e+01,1.056505348147128431e-03,2.266282047116463083e+00,-6.295891348378366281e-01,9.999484263988241972e-01
4.714554343314663297e-03,2.026790005990353194e+01,9.965405983981179272e-01,2.930129275970300114e+03,4.483099297526789151e-01,2.347999612362739299e+02,1.170024920382130040e+04,8.287536656589200135e+00,1.080030440211381837e+01,6.924177699203828409e-04,2.872186907701878678e+00,-5.317544224773799177e-01,9.997815847705942005e-01
8.509797654915877974e-03,1.365783236579197357e+01,9.985230837549826655e-01,4.624189497675239181e+03,5.360616806746806295e-01,2.277585570986918810e+02,1.848310015833515718e+04,8.460434703189985584e+00,1.051834914391306341e+01,9.125909012014642727e-04,2.491126882306163637e+00,-6.081105720252995006e-01,9.999449542877247854e-01
1.333828952273176036e-02,1.502142398782131139e+01,9.983098238275619485e-01,4.444540771625612251e+03,5.308900253634376565e-01,2.392360215994466444e+02,1.776314166251462302e+04,8.157727889337792249e+00,1.026185525010467003e+01,8.850140542604135931e-04,2.567608479830158164e+00,-5.910496330366679096e-01,9.999005008809216388e-01
6.417685407546076110e-03,1.625563913474386624e+01,9.977696522949139890e-01,3.644791965061815972e+03,4.999469331000867545e-01,2.592807322322177015e+02,1.456291222111251773e+04,8.284513162040326506e+00,1.051055408627414067e+01,8.216146449204905170e-04,2.619277597478323116e+00,-5.732912421291568306e-01,9.998837357569473339e-01
3.225815820673540342e-03,1.544134024326069365e+01,9.974890401901174153e-01,3.075582713479682752e+03,4.753226919252636073e-01,2.456780133436209326e+02,1.228688951367547270e+04,8.396005245703742403e+00,1.074113012013952861e+01,7.730491891969949216e-04,2.694368921749513923e+00,-5.587643464379050684e-01,9.998680855187910277e-01
6.771270700766359243e-04,1.920988898841291359e+01,9.964847364739325419e-01,2.732764179200852595e+03,4.042661157336328026e-01,2.978120675327203344e+02,1.091184682781501033e+04,8.607394829696966454e+00,1.135254707101431393e+01,6.218116444673742150e-04,2.996806486091116106e+00,-5.112963033676036773e-01,9.997745626598476543e-01
3.638472041527372920e-03,1.643864261628319667e+01,9.975136294624701305e-01,3.306506486605983810e+03,4.874347686159221094e-01,2.417503340023885130e+02,1.320958730380765519e+04,8.433673198844932273e+00,1.072829519555893185e+01,8.002429272477038034e-04,2.662102464979231531e+00,-5.685489555533125294e-01,9.998910770807487580e-01
1.283300377339468071e-02,1.055039479445839845e+01,9.986061374830239590e-01,3.784926499207978395e+03,5.464855917773678851e-01,2.240446517863925067e+02,1.512915560203745918e+04,8.122072924701228658e+00,1.009000003159523828e+01,9.430114021672538187e-04,2.406629832714501482e+00,-6.061567183793508118e-01,9.999170482351397160e-01
3.920694691953967824e-03,1.072169798629688842e+01,9.985586871112652751e-01,3.719941048462856088e+03,5.471862375232661169e-01,2.789209015685937061e+02,1.486904249586513470e+04,8.404335523234632177e+00,1.034633326213228699e+01,9.718116130196693654e-04,2.342427627102130483e+00,-6.143805587606919749e-01,9.999439554513368522e-01
7.157556247922997050e-03,8.860938242713391588e+00,9.988786795942687924e-01,3.951384420628285625e+03,5.446883263999300340e-01,2.318094514784242790e+02,1.579667674427042766e+04,8.395991744573988669e+00,1.035565645103951304e+01,9.528928738680146225e-04,2.366906523245608795e+00,-6.163052705152558541e-01,9.999467421161996050e-01
1.266606780929506590e-03,1.189797998774070820e+01,9.985363143924393947e-01,4.064828335248173971e+03,5.410317486476289295e-01,2.695306227774439662e+02,1.624741536100495432e+04,8.618263017511502255e+00,1.059173244617550935e+01,9.643549477848312526e-04,2.367144609266774058e+00,-6.149332737092483292e-01,9.999551452534568563e-01
3.644351754102921268e-03,1.468957124663435643e+01,9.975999199171179388e-01,3.060539245572897471e+03,4.921324403166541517e-01,2.162275033391161969e+02,1.222746741104496141e+04,8.430540787842010886e+00,1.071115825131840538e+01,8.101972260527389412e-04,2.644545316001042146e+00,-5.703236233855787374e-01,9.998940626727808034e-01
2.549741646192930228e-02,1.875226523155773251e+01,9.975255381277450262e-01,3.789508598790507222e+03,5.162699913569536170e-01,1.988418556949343667e+02,1.513928212993047600e+04,7.785385282630141290e+00,9.984327217621904893e+00,8.339059139326580883e-04,2.686120073624718607e+00,-5.628991230657995892e-01,9.997852755117839774e-01
9.733636516982732386e-04,1.363839553499877866e+01,9.976006864358049064e-01,2.842761035150859698e+03,4.675641856945010888e-01,2.519051929530794496e+02,1.135740574506843222e+04,8.576010226895258270e+00,1.093480386818692018e+01,7.793076262577411113e-04,2.655630986377788272e+00,-5.612100832342086232e-01,9.998918507319907167e-01
1.348074526975385178e-02,1.077422941650064203e+01,9.984588468455420918e-01,3.495929206105339745e+03,5.576490253046654244e-01,2.315327958331231173e+02,1.397294259500485714e+04,7.976890291473369032e+00,9.895729288992651362e+00,9.752746677712925130e-04,2.369942627455892570e+00,-6.051807719551928200e-01,9.998998575373724274e-01
8.565229254441163176e-03,1.591708159174383219e+01,9.973590969645956816e-01,3.014015119511303055e+03,5.079980479188107578e-01,2.191735817041515588e+02,1.204014339645347354e+04,8.074092808633146490e+00,1.026717171507601378e+01,8.379960136940258712e-04,2.600543029061163303e+00,-5.678192293246699940e-01,9.998420282252639124e-01
1.180171068964476098e-03,8.790213488948689147e+00,9.988989210190364343e-01,3.992114918322380618e+03,5.670826360549272582e-01,2.759617223743242107e+02,1.595966945980058517e+04,8.589653338691547901e+00,1.039890000676200188e+01,1.056380087908199809e-03,2.210093411768941252e+00,-6.334771818782810593e-01,9.999644827905938005e-01
3.416798413239360843e-02,4.117604674554284117e+01,9.942945331839578849e-01,3.608971411230246758e+03,5.392466663183397291e-01,1.746834581783986096e+02,1.439470959817543371e+04,7.661625509242390386e+00,9.778735507098497592e+00,8.918333558190872723e-04,2.638184012604432915e+00,-5.712202299170421327e-01,9.997850000711913099e-01
2.806265067802656346e-03,1.408121580269819084e+01,9.974070046189467131e-01,2.715959052564634476e+03,4.893325704801301246e-01,2.586928791743329725e+02,1.084975499445584865e+04,8.321948415054247761e+00,1.057458226456352079e+01,8.138687857630552431e-04,2.611257921436857643e+00,-5.659678237181973159e-01,9.998705674826136036e-01
3.465354055651853615e-02,1.240914664356258079e+01,9.985269134314527228e-01,4.212191588729629075e+03,6.062999009047164156e-01,2.054123118650067568e+02,1.683635720827495970e+04,7.605105673824652079e+00,9.293311035835317924e+00,1.109241031560871931e-03,2.223419333884609994e+00,-6.315189411874553294e-01,9.998998347703104139e-01
2.178617804766448673e-03,1.245976538588842075e+01,9.981118431474196306e-01,3.300027976856763416e+03,5.272900181906955419e-01,2.670789546546050133e+02,1.318765214204115182e+04,8.473131209588171231e+00,1.053316128579549904e+01,9.206360403051944705e-04,2.440075661426906350e+00,-5.984025494903859599e-01,9.999324748390877593e-01
9.952462804499110152e-03,1.081186300421129864e+01,9.986400808571260779e-01,3.975580049534152295e+03,5.584709200802001616e-01,2.409181740659686852e+02,1.589150833513239741e+04,8.267456339306725965e+00,1.018523780886820695e+01,9.821830572390153648e-04,2.359570433700142189e+00,-6.180237616889152630e-01,9.999401848196263209e-01
7.638934174490239967e-03,1.548996843406843382e+01,9.980407744380613844e-01,3.953746902969510757e+03,4.984712095960239786e-01,2.491941526823453330e+02,1.579949764344397954e+04,8.348621030717287894e+00,1.059981068007326854e+01,8.122262330603186422e-04,2.654555982051585161e+00,-5.748857551372087427e-01,9.998956234364071438e-01
2.083759101004943257e-03,1.107009993193036479e+01,9.986448875324173136e-01,4.084898670566691635e+03,5.637572332387185137e-01,2.308239307984608502e+02,1.632852458233485049e+04,8.581668821118208612e+00,1.044661545135000580e+01,1.021533512704718991e-03,2.292024139610000066e+00,-6.300082363132533114e-01,9.999632753210496716e-01
2.857193597270863208e-02,1.549985924946871840e+01,9.982694591208770563e-01,4.478667051342678860e+03,5.599514678340241636e-01,2.036760729773289427e+02,1.789916834612124512e+04,7.822914546309315043e+00,9.776865656569135865e+00,9.592238913702419824e-04,2.471372558172488354e+00,-6.023875042800242996e-01,9.998831061450792479e-01
3.064841370410209022e-03,9.944259542478800284e+00,9.986074796600505898e-01,3.571174839110222820e+03,5.287892529179629708e-01,2.980159111470956077e+02,1.427475509689841056e+04,8.408018289047131333e+00,1.042327106002219317e+01,9.269054330808384470e-04,2.388501472728214559e+00,-6.038425899418853326e-01,9.999344243031709212e-01
3.255365166702711005e-02,1.708391721739133473e+01,9.983143792262978433e-01,5.067903344801965432e+03,5.455238156226581703e-01,1.984557631710364092e+02,2.025452946199047437e+04,7.909917112502658831e+00,9.974048991581675239e+00,9.103342870547486256e-04,2.591324142110003947e+00,-5.938412638583648873e-01,9.998828129679606658e-01
1.121484135999478238e-03,1.061449542394514012e+01,9.985723350588686653e-01,3.718093378794435012e+03,5.454452111777696732e-01,2.863850134772160345e+02,1.486175901975378292e+04,8.552977336646128137e+00,1.047873544094451859e+01,9.966234227498562553e-04,2.304094731761302306e+00,-6.157548543715888334e-01,9.999509489580339361e-01
2.281576587343357547e-03,1.021557926269833061e+01,9.983719442170556624e-01,3.138050199300337226e+03,5.268105000380404190e-01,2.771208910140861690e+02,1.254198521793865439e+04,8.493436424348713487e+00,1.052589676332377344e+01,9.285522300070032670e-04,2.394773258405467065e+00,-6.040088013097196784e-01,9.999397421272191444e-01
3.343048481962272115e-03,1.059106813958122828e+01,9.987394827709875633e-01,4.201312759188693235e+03,5.801378163884125527e-01,2.118283206948959787e+02,1.679465996861519670e+04,8.500935625729484357e+00,1.030328444770529117e+01,1.056737432704682499e-03,2.262332952172624534e+00,-6.372259003726208348e-01,9.999645535401786578e-01
6.677814249352912249e-03,1.486898367707802215e+01,9.980237495699973982e-01,3.762539104788421355e+03,5.085572716372773749e-01,2.431193001316281936e+02,1.503528743547661725e+04,8.341655310131107726e+00,1.053460799274303916e+01,8.425921457699001374e-04,2.596626908709902537e+00,-5.814167786190214127e-01,9.999033399021280966e-01
6.702328598382895769e-03,1.154118087740168974e+01,9.983911835321372941e-01,3.587324565687783434e+03,5.340419412906839414e-01,2.514091490792731065e+02,1.433775708187373311e+04,8.299679903233309730e+00,1.030779441342763647e+01,9.256750411075825510e-04,2.407425441344626549e+00,-6.040921858320006388e-01,9.999277539732267517e-01
